{"cameraMode":{"drawMode":0,"name":"Shaded","section":"Shading Mode"},"sceneLighting":true,"audioPlay":false,"sceneViewState":{"m_AlwaysRefresh":false,"showFog":true,"showSkybox":true,"showFlares":true,"showImageEffects":true,"showParticleSystems":true,"showVisualEffectGraphs":true,"m_FxEnabled":true},"in2DMode":false,"pivot":{"x":-4.145981788635254,"y":-0.09399721026420593,"z":1.4141103029251099},"rotation":{"x":0.21747846901416779,"y":-0.1608327329158783,"z":0.03633220121264458,"w":0.9620711207389832},"size":9.530661582946778,"orthographic":false}