{"cameraMode":{"drawMode":0,"name":"Shaded","section":"Shading Mode"},"sceneLighting":false,"audioPlay":false,"sceneViewState":{"m_AlwaysRefresh":false,"showFog":true,"showSkybox":false,"showFlares":true,"showImageEffects":true,"showParticleSystems":true,"showVisualEffectGraphs":true,"m_FxEnabled":true},"in2DMode":false,"pivot":{"x":1.1656856536865235,"y":-0.03401217237114906,"z":1.8980841636657715},"rotation":{"x":0.036472152918577197,"y":-0.9520072937011719,"z":0.12524046003818513,"w":0.27700915932655337},"size":3.8308804035186769,"orthographic":false}