{"cameraMode":{"drawMode":0,"name":"Shaded","section":"Shading Mode"},"sceneLighting":false,"audioPlay":false,"sceneViewState":{"m_AlwaysRefresh":false,"showFog":true,"showSkybox":false,"showFlares":true,"showImageEffects":true,"showParticleSystems":true,"showVisualEffectGraphs":true,"m_FxEnabled":true},"in2DMode":false,"pivot":{"x":-0.3143032491207123,"y":0.24907147884368897,"z":0.8280542492866516},"rotation":{"x":0.0012727479916065932,"y":-0.9987291693687439,"z":-0.0356597937643528,"w":-0.035676904022693637},"size":0.8660253882408142,"orthographic":false}